{
	"class_name" : "PinholeCameraParameters",
	"extrinsic" : 
	[
		0.77941533505268668,
		-0.015897424873158206,
		-0.62630584171561954,
		0.0,
		-0.26688910346001826,
		-0.9128592743785211,
		-0.30896302632423167,
		0.0,
		-0.56681737970797619,
		0.4079647252686468,
		-0.71573936666740756,
		0.0,
		0.070150321700295115,
		0.062997677122782925,
		2.2565662219470717,
		1.0
	],
	"intrinsic" : 
	{
		"height" : 1080,
		"intrinsic_matrix" : 
		[
			935.30743608719399,
			0.0,
			0.0,
			0.0,
			935.30743608719399,
			0.0,
			959.5,
			539.5,
			1.0
		],
		"width" : 1920
	},
	"version_major" : 1,
	"version_minor" : 0
}